{"cameraMode":{"drawMode":0,"name":"Shaded","section":"Shading Mode"},"sceneLighting":false,"audioPlay":false,"sceneViewState":{"m_AlwaysRefresh":false,"showFog":true,"showSkybox":false,"showFlares":true,"showImageEffects":true,"showParticleSystems":true,"showVisualEffectGraphs":true,"m_FxEnabled":true},"in2DMode":false,"pivot":{"x":33.27043151855469,"y":22.279098510742189,"z":13.024826049804688},"rotation":{"x":0.07717825472354889,"y":-0.13742773234844209,"z":0.010738891549408436,"w":0.9874451756477356},"size":3.770439386367798,"orthographic":false}