{"cameraMode":{"drawMode":0,"name":"Shaded","section":"Shading Mode"},"sceneLighting":true,"audioPlay":false,"sceneViewState":{"m_AlwaysRefresh":false,"showFog":true,"showSkybox":false,"showFlares":true,"showImageEffects":true,"showParticleSystems":true,"showVisualEffectGraphs":true,"m_FxEnabled":true},"in2DMode":false,"pivot":{"x":13.212198257446289,"y":7.574359893798828,"z":32.413265228271487},"rotation":{"x":-0.0005702853668481112,"y":0.9873802065849304,"z":-0.15833012759685517,"w":-0.003556860378012061},"size":21.60818862915039,"orthographic":false}