{"cameraMode":{"drawMode":0,"name":"Shaded","section":"Shading Mode"},"sceneLighting":false,"audioPlay":false,"sceneViewState":{"m_AlwaysRefresh":false,"showFog":true,"showSkybox":false,"showFlares":true,"showImageEffects":true,"showParticleSystems":true,"showVisualEffectGraphs":true,"m_FxEnabled":true},"in2DMode":false,"pivot":{"x":34.86628723144531,"y":19.143695831298829,"z":0.49594688415527346},"rotation":{"x":0.08162561804056168,"y":-0.5423275828361511,"z":0.053043708205223086,"w":0.834511935710907},"size":3.770439386367798,"orthographic":true}