{"cameraMode":{"drawMode":0,"name":"Shaded","section":"Shading Mode"},"sceneLighting":false,"audioPlay":false,"sceneViewState":{"m_AlwaysRefresh":false,"showFog":true,"showSkybox":false,"showFlares":true,"showImageEffects":true,"showParticleSystems":true,"showVisualEffectGraphs":true,"m_FxEnabled":true},"in2DMode":false,"pivot":{"x":34.22999954223633,"y":24.1480655670166,"z":11.965506553649903},"rotation":{"x":0.07717825472354889,"y":-0.13742773234844209,"z":0.010738891549408436,"w":0.9874451756477356},"size":1.2210910320281983,"orthographic":false}