{"cameraMode":{"drawMode":0,"name":"Shaded","section":"Shading Mode"},"sceneLighting":true,"audioPlay":false,"sceneViewState":{"showFog":true,"showMaterialUpdate":false,"showSkybox":false,"showFlares":true,"showImageEffects":true,"showParticleSystems":true},"in2DMode":false,"pivot":{"x":39.983680725097659,"y":11.099998474121094,"z":10.678190231323243},"rotation":{"x":0.005830954294651747,"y":0.9938524961471558,"z":0.08938285708427429,"w":-0.06540948897600174},"size":57.723899841308597,"orthographic":false}