{"cameraMode":{"drawMode":0,"name":"Shaded","section":"Shading Mode"},"sceneLighting":true,"audioPlay":false,"sceneViewState":{"m_AlwaysRefresh":false,"showFog":true,"showSkybox":false,"showFlares":true,"showImageEffects":true,"showParticleSystems":true,"showVisualEffectGraphs":true,"m_FxEnabled":true},"in2DMode":false,"pivot":{"x":25.523679733276368,"y":10.56171703338623,"z":7.088191986083984},"rotation":{"x":0.007847495377063752,"y":-0.7564820647239685,"z":0.009078060276806355,"w":0.6539059281349182},"size":12.182472229003907,"orthographic":false}